<BackupInst xmlns="http://www.microsoft.com/GroupPolicy/GPOOperations/Manifest"><GPOGuid><![CDATA[{A3B330F4-D058-42EB-A4B1-ADE1AA2E2F62}]]></GPOGuid><GPODomain><![CDATA[contoso.local]]></GPODomain><GPODomainGuid><![CDATA[{33d3afe3-0d19-41aa-bd4e-7c389b0239f9}]]></GPODomainGuid><GPODomainController><![CDATA[DC.contoso.local]]></GPODomainController><BackupTime><![CDATA[2025-11-14T03:48:31]]></BackupTime><ID><![CDATA[{505C7260-823B-4AA2-9426-3AB490AE0928}]]></ID><Comment><![CDATA[]]></Comment><GPODisplayName><![CDATA[MDE Audit Policy - Workstations]]></GPODisplayName></BackupInst>
