<BackupInst xmlns="http://www.microsoft.com/GroupPolicy/GPOOperations/Manifest"><GPOGuid><![CDATA[{C25879B3-8755-4B76-8BE9-9BE8B5AB80E6}]]></GPOGuid><GPODomain><![CDATA[contoso.local]]></GPODomain><GPODomainGuid><![CDATA[{33d3afe3-0d19-41aa-bd4e-7c389b0239f9}]]></GPODomainGuid><GPODomainController><![CDATA[DC.contoso.local]]></GPODomainController><BackupTime><![CDATA[2025-11-20T10:50:16]]></BackupTime><ID><![CDATA[{072E7351-C08C-4926-A394-85567F67CA8E}]]></ID><Comment><![CDATA[ASR Audit Policy - Workstations]]></Comment><GPODisplayName><![CDATA[ASR Audit Policy - Workstations]]></GPODisplayName></BackupInst>
