<BackupInst xmlns="http://www.microsoft.com/GroupPolicy/GPOOperations/Manifest"><GPOGuid><![CDATA[{E1A66EA8-7215-4485-B9D5-26569F379070}]]></GPOGuid><GPODomain><![CDATA[contoso.local]]></GPODomain><GPODomainGuid><![CDATA[{33d3afe3-0d19-41aa-bd4e-7c389b0239f9}]]></GPODomainGuid><GPODomainController><![CDATA[DC.contoso.local]]></GPODomainController><BackupTime><![CDATA[2025-11-14T09:05:49]]></BackupTime><ID><![CDATA[{FEEA3026-FBA4-467F-9EF6-580597271CDB}]]></ID><Comment><![CDATA[]]></Comment><GPODisplayName><![CDATA[MDE Audit Policy - Domain Controllers]]></GPODisplayName></BackupInst>
