<BackupInst xmlns="http://www.microsoft.com/GroupPolicy/GPOOperations/Manifest"><GPOGuid><![CDATA[{E1A66EA8-7215-4485-B9D5-26569F379070}]]></GPOGuid><GPODomain><![CDATA[contoso.local]]></GPODomain><GPODomainGuid><![CDATA[{33d3afe3-0d19-41aa-bd4e-7c389b0239f9}]]></GPODomainGuid><GPODomainController><![CDATA[DC.contoso.local]]></GPODomainController><BackupTime><![CDATA[2025-11-14T03:48:32]]></BackupTime><ID><![CDATA[{D200DD6E-3A28-40D6-A4BA-B96B815A3A5A}]]></ID><Comment><![CDATA[]]></Comment><GPODisplayName><![CDATA[MDE Audit Policy - Domain Controllers]]></GPODisplayName></BackupInst>
