<Backups xmlns="http://www.microsoft.com/GroupPolicy/GPOOperations/Manifest" xmlns:mfst="http://www.microsoft.com/GroupPolicy/GPOOperations/Manifest" mfst:version="1.0"><BackupInst><GPOGuid><![CDATA[{06EF13C4-B2AB-48B9-8428-2D6F729DEE91}]]></GPOGuid><GPODomain><![CDATA[contoso.local]]></GPODomain><GPODomainGuid><![CDATA[{33d3afe3-0d19-41aa-bd4e-7c389b0239f9}]]></GPODomainGuid><GPODomainController><![CDATA[DC.contoso.local]]></GPODomainController><BackupTime><![CDATA[2025-11-20T09:15:41]]></BackupTime><ID><![CDATA[{D6C5AAE3-4784-4BF0-A932-9890D8260334}]]></ID><Comment><![CDATA[MDE Exploit Protections Policy - Workstations]]></Comment><GPODisplayName><![CDATA[MDE Exploit Protections Policy - Workstations]]></GPODisplayName></BackupInst><BackupInst><GPOGuid><![CDATA[{3BADE4A7-7D5D-4B3E-B7B3-F70343C6D76B}]]></GPOGuid><GPODomain><![CDATA[contoso.local]]></GPODomain><GPODomainGuid><![CDATA[{33d3afe3-0d19-41aa-bd4e-7c389b0239f9}]]></GPODomainGuid><GPODomainController><![CDATA[DC.contoso.local]]></GPODomainController><BackupTime><![CDATA[2025-11-20T09:15:27]]></BackupTime><ID><![CDATA[{AEB47A41-5BF1-4F8E-887E-4EEBFB24AF11}]]></ID><Comment><![CDATA[MDE Audit Policy - Workstations]]></Comment><GPODisplayName><![CDATA[MDE Audit Policy - Workstations]]></GPODisplayName></BackupInst><BackupInst><GPOGuid><![CDATA[{EA7E7D4C-583F-430A-BFC2-0916C79A10E8}]]></GPOGuid><GPODomain><![CDATA[contoso.local]]></GPODomain><GPODomainGuid><![CDATA[{33d3afe3-0d19-41aa-bd4e-7c389b0239f9}]]></GPODomainGuid><GPODomainController><![CDATA[DC.contoso.local]]></GPODomainController><BackupTime><![CDATA[2025-11-20T09:15:11]]></BackupTime><ID><![CDATA[{30E85142-381C-4522-8397-16F95A4D9B6D}]]></ID><Comment><![CDATA[MDE Audit Policy - Domain Controllers]]></Comment><GPODisplayName><![CDATA[MDE Audit Policy - Domain Controllers]]></GPODisplayName></BackupInst><BackupInst><GPOGuid><![CDATA[{C25879B3-8755-4B76-8BE9-9BE8B5AB80E6}]]></GPOGuid><GPODomain><![CDATA[contoso.local]]></GPODomain><GPODomainGuid><![CDATA[{33d3afe3-0d19-41aa-bd4e-7c389b0239f9}]]></GPODomainGuid><GPODomainController><![CDATA[DC.contoso.local]]></GPODomainController><BackupTime><![CDATA[2025-11-20T09:10:39]]></BackupTime><ID><![CDATA[{E4A884C1-7BE0-4776-ACCD-CD2D769CFBDA}]]></ID><Comment><![CDATA[MDE ASR Audit Policy - Workstations]]></Comment><GPODisplayName><![CDATA[ASR Audit Policy - Workstations]]></GPODisplayName></BackupInst></Backups>