<Backups xmlns="http://www.microsoft.com/GroupPolicy/GPOOperations/Manifest" xmlns:mfst="http://www.microsoft.com/GroupPolicy/GPOOperations/Manifest" mfst:version="1.0"><BackupInst><GPOGuid><![CDATA[{06EF13C4-B2AB-48B9-8428-2D6F729DEE91}]]></GPOGuid><GPODomain><![CDATA[contoso.local]]></GPODomain><GPODomainGuid><![CDATA[{33d3afe3-0d19-41aa-bd4e-7c389b0239f9}]]></GPODomainGuid><GPODomainController><![CDATA[DC.contoso.local]]></GPODomainController><BackupTime><![CDATA[2025-11-20T10:51:00]]></BackupTime><ID><![CDATA[{BA5EE736-8AE7-4C53-B9BD-102DD124C0DB}]]></ID><Comment><![CDATA[MDE Exploit Protections Policy - Workstations]]></Comment><GPODisplayName><![CDATA[MDE Exploit Protections Policy - Workstations]]></GPODisplayName></BackupInst><BackupInst><GPOGuid><![CDATA[{3BADE4A7-7D5D-4B3E-B7B3-F70343C6D76B}]]></GPOGuid><GPODomain><![CDATA[contoso.local]]></GPODomain><GPODomainGuid><![CDATA[{33d3afe3-0d19-41aa-bd4e-7c389b0239f9}]]></GPODomainGuid><GPODomainController><![CDATA[DC.contoso.local]]></GPODomainController><BackupTime><![CDATA[2025-11-20T10:50:46]]></BackupTime><ID><![CDATA[{AEB2DEAF-4596-40B5-BF9E-3C7B0327EEF7}]]></ID><Comment><![CDATA[MDE Audit Policy - Workstations]]></Comment><GPODisplayName><![CDATA[MDE Audit Policy - Workstations]]></GPODisplayName></BackupInst><BackupInst><GPOGuid><![CDATA[{EA7E7D4C-583F-430A-BFC2-0916C79A10E8}]]></GPOGuid><GPODomain><![CDATA[contoso.local]]></GPODomain><GPODomainGuid><![CDATA[{33d3afe3-0d19-41aa-bd4e-7c389b0239f9}]]></GPODomainGuid><GPODomainController><![CDATA[DC.contoso.local]]></GPODomainController><BackupTime><![CDATA[2025-11-20T10:50:31]]></BackupTime><ID><![CDATA[{A0D2B934-1F7C-43C5-AB97-D998B8C7A4BC}]]></ID><Comment><![CDATA[MDE Audit Policy - Domain Controllers]]></Comment><GPODisplayName><![CDATA[MDE Audit Policy - Domain Controllers]]></GPODisplayName></BackupInst><BackupInst><GPOGuid><![CDATA[{C25879B3-8755-4B76-8BE9-9BE8B5AB80E6}]]></GPOGuid><GPODomain><![CDATA[contoso.local]]></GPODomain><GPODomainGuid><![CDATA[{33d3afe3-0d19-41aa-bd4e-7c389b0239f9}]]></GPODomainGuid><GPODomainController><![CDATA[DC.contoso.local]]></GPODomainController><BackupTime><![CDATA[2025-11-20T10:50:16]]></BackupTime><ID><![CDATA[{072E7351-C08C-4926-A394-85567F67CA8E}]]></ID><Comment><![CDATA[ASR Audit Policy - Workstations]]></Comment><GPODisplayName><![CDATA[ASR Audit Policy - Workstations]]></GPODisplayName></BackupInst></Backups>