<BackupInst xmlns="http://www.microsoft.com/GroupPolicy/GPOOperations/Manifest"><GPOGuid><![CDATA[{8D49C31F-98A9-4E92-A33D-A718158224B3}]]></GPOGuid><GPODomain><![CDATA[contoso.local]]></GPODomain><GPODomainGuid><![CDATA[{33d3afe3-0d19-41aa-bd4e-7c389b0239f9}]]></GPODomainGuid><GPODomainController><![CDATA[DC.contoso.local]]></GPODomainController><BackupTime><![CDATA[2025-11-14T09:05:48]]></BackupTime><ID><![CDATA[{00FDF31E-13A3-4D21-855D-887DBF9CF2A8}]]></ID><Comment><![CDATA[]]></Comment><GPODisplayName><![CDATA[ASR-Audit-Mode-Workstations]]></GPODisplayName></BackupInst>
