<BackupInst xmlns="http://www.microsoft.com/GroupPolicy/GPOOperations/Manifest"><GPOGuid><![CDATA[{3BADE4A7-7D5D-4B3E-B7B3-F70343C6D76B}]]></GPOGuid><GPODomain><![CDATA[contoso.local]]></GPODomain><GPODomainGuid><![CDATA[{33d3afe3-0d19-41aa-bd4e-7c389b0239f9}]]></GPODomainGuid><GPODomainController><![CDATA[DC.contoso.local]]></GPODomainController><BackupTime><![CDATA[2025-11-20T09:15:27]]></BackupTime><ID><![CDATA[{AEB47A41-5BF1-4F8E-887E-4EEBFB24AF11}]]></ID><Comment><![CDATA[MDE Audit Policy - Workstations]]></Comment><GPODisplayName><![CDATA[MDE Audit Policy - Workstations]]></GPODisplayName></BackupInst>
