<Backups xmlns="http://www.microsoft.com/GroupPolicy/GPOOperations/Manifest" xmlns:mfst="http://www.microsoft.com/GroupPolicy/GPOOperations/Manifest" mfst:version="1.0"><BackupInst><GPOGuid><![CDATA[{FDD40B15-0DB6-47FB-9940-AD6B07D427F0}]]></GPOGuid><GPODomain><![CDATA[contoso.local]]></GPODomain><GPODomainGuid><![CDATA[{33d3afe3-0d19-41aa-bd4e-7c389b0239f9}]]></GPODomainGuid><GPODomainController><![CDATA[DC.contoso.local]]></GPODomainController><BackupTime><![CDATA[2025-11-14T09:05:49]]></BackupTime><ID><![CDATA[{3D9A45C0-425A-4F75-BBFE-BF9C1218CA8D}]]></ID><Comment><![CDATA[]]></Comment><GPODisplayName><![CDATA[Exploit-Protections-Workstations]]></GPODisplayName></BackupInst><BackupInst><GPOGuid><![CDATA[{E1A66EA8-7215-4485-B9D5-26569F379070}]]></GPOGuid><GPODomain><![CDATA[contoso.local]]></GPODomain><GPODomainGuid><![CDATA[{33d3afe3-0d19-41aa-bd4e-7c389b0239f9}]]></GPODomainGuid><GPODomainController><![CDATA[DC.contoso.local]]></GPODomainController><BackupTime><![CDATA[2025-11-14T09:05:49]]></BackupTime><ID><![CDATA[{FEEA3026-FBA4-467F-9EF6-580597271CDB}]]></ID><Comment><![CDATA[]]></Comment><GPODisplayName><![CDATA[MDE Audit Policy - Domain Controllers]]></GPODisplayName></BackupInst><BackupInst><GPOGuid><![CDATA[{A3B330F4-D058-42EB-A4B1-ADE1AA2E2F62}]]></GPOGuid><GPODomain><![CDATA[contoso.local]]></GPODomain><GPODomainGuid><![CDATA[{33d3afe3-0d19-41aa-bd4e-7c389b0239f9}]]></GPODomainGuid><GPODomainController><![CDATA[DC.contoso.local]]></GPODomainController><BackupTime><![CDATA[2025-11-14T09:05:48]]></BackupTime><ID><![CDATA[{6145A987-812D-421C-8D77-07443DBB5924}]]></ID><Comment><![CDATA[]]></Comment><GPODisplayName><![CDATA[MDE Audit Policy - Workstations]]></GPODisplayName></BackupInst><BackupInst><GPOGuid><![CDATA[{8D49C31F-98A9-4E92-A33D-A718158224B3}]]></GPOGuid><GPODomain><![CDATA[contoso.local]]></GPODomain><GPODomainGuid><![CDATA[{33d3afe3-0d19-41aa-bd4e-7c389b0239f9}]]></GPODomainGuid><GPODomainController><![CDATA[DC.contoso.local]]></GPODomainController><BackupTime><![CDATA[2025-11-14T09:05:48]]></BackupTime><ID><![CDATA[{00FDF31E-13A3-4D21-855D-887DBF9CF2A8}]]></ID><Comment><![CDATA[]]></Comment><GPODisplayName><![CDATA[ASR-Audit-Mode-Workstations]]></GPODisplayName></BackupInst></Backups>