<Backups xmlns="http://www.microsoft.com/GroupPolicy/GPOOperations/Manifest" xmlns:mfst="http://www.microsoft.com/GroupPolicy/GPOOperations/Manifest" mfst:version="1.0"><BackupInst><GPOGuid><![CDATA[{FDD40B15-0DB6-47FB-9940-AD6B07D427F0}]]></GPOGuid><GPODomain><![CDATA[contoso.local]]></GPODomain><GPODomainGuid><![CDATA[{33d3afe3-0d19-41aa-bd4e-7c389b0239f9}]]></GPODomainGuid><GPODomainController><![CDATA[DC.contoso.local]]></GPODomainController><BackupTime><![CDATA[2025-11-14T03:48:32]]></BackupTime><ID><![CDATA[{31A66326-8602-4E90-9251-42E26B0B8CD8}]]></ID><Comment><![CDATA[]]></Comment><GPODisplayName><![CDATA[Exploit-Protections-Workstations]]></GPODisplayName></BackupInst><BackupInst><GPOGuid><![CDATA[{E1A66EA8-7215-4485-B9D5-26569F379070}]]></GPOGuid><GPODomain><![CDATA[contoso.local]]></GPODomain><GPODomainGuid><![CDATA[{33d3afe3-0d19-41aa-bd4e-7c389b0239f9}]]></GPODomainGuid><GPODomainController><![CDATA[DC.contoso.local]]></GPODomainController><BackupTime><![CDATA[2025-11-14T03:48:32]]></BackupTime><ID><![CDATA[{D200DD6E-3A28-40D6-A4BA-B96B815A3A5A}]]></ID><Comment><![CDATA[]]></Comment><GPODisplayName><![CDATA[MDE Audit Policy - Domain Controllers]]></GPODisplayName></BackupInst><BackupInst><GPOGuid><![CDATA[{A3B330F4-D058-42EB-A4B1-ADE1AA2E2F62}]]></GPOGuid><GPODomain><![CDATA[contoso.local]]></GPODomain><GPODomainGuid><![CDATA[{33d3afe3-0d19-41aa-bd4e-7c389b0239f9}]]></GPODomainGuid><GPODomainController><![CDATA[DC.contoso.local]]></GPODomainController><BackupTime><![CDATA[2025-11-14T03:48:31]]></BackupTime><ID><![CDATA[{505C7260-823B-4AA2-9426-3AB490AE0928}]]></ID><Comment><![CDATA[]]></Comment><GPODisplayName><![CDATA[MDE Audit Policy - Workstations]]></GPODisplayName></BackupInst><BackupInst><GPOGuid><![CDATA[{8D49C31F-98A9-4E92-A33D-A718158224B3}]]></GPOGuid><GPODomain><![CDATA[contoso.local]]></GPODomain><GPODomainGuid><![CDATA[{33d3afe3-0d19-41aa-bd4e-7c389b0239f9}]]></GPODomainGuid><GPODomainController><![CDATA[DC.contoso.local]]></GPODomainController><BackupTime><![CDATA[2025-11-14T03:48:31]]></BackupTime><ID><![CDATA[{0131A05C-A8E0-4039-A315-320593A144C5}]]></ID><Comment><![CDATA[]]></Comment><GPODisplayName><![CDATA[ASR-Audit-Mode-Workstations]]></GPODisplayName></BackupInst></Backups>