<BackupInst xmlns="http://www.microsoft.com/GroupPolicy/GPOOperations/Manifest"><GPOGuid><![CDATA[{06EF13C4-B2AB-48B9-8428-2D6F729DEE91}]]></GPOGuid><GPODomain><![CDATA[contoso.local]]></GPODomain><GPODomainGuid><![CDATA[{33d3afe3-0d19-41aa-bd4e-7c389b0239f9}]]></GPODomainGuid><GPODomainController><![CDATA[DC.contoso.local]]></GPODomainController><BackupTime><![CDATA[2025-11-20T10:51:00]]></BackupTime><ID><![CDATA[{BA5EE736-8AE7-4C53-B9BD-102DD124C0DB}]]></ID><Comment><![CDATA[MDE Exploit Protections Policy - Workstations]]></Comment><GPODisplayName><![CDATA[MDE Exploit Protections Policy - Workstations]]></GPODisplayName></BackupInst>
