<BackupInst xmlns="http://www.microsoft.com/GroupPolicy/GPOOperations/Manifest"><GPOGuid><![CDATA[{06EF13C4-B2AB-48B9-8428-2D6F729DEE91}]]></GPOGuid><GPODomain><![CDATA[contoso.local]]></GPODomain><GPODomainGuid><![CDATA[{33d3afe3-0d19-41aa-bd4e-7c389b0239f9}]]></GPODomainGuid><GPODomainController><![CDATA[DC.contoso.local]]></GPODomainController><BackupTime><![CDATA[2025-11-20T09:15:41]]></BackupTime><ID><![CDATA[{D6C5AAE3-4784-4BF0-A932-9890D8260334}]]></ID><Comment><![CDATA[MDE Exploit Protections Policy - Workstations]]></Comment><GPODisplayName><![CDATA[MDE Exploit Protections Policy - Workstations]]></GPODisplayName></BackupInst>
