<BackupInst xmlns="http://www.microsoft.com/GroupPolicy/GPOOperations/Manifest"><GPOGuid><![CDATA[{EA7E7D4C-583F-430A-BFC2-0916C79A10E8}]]></GPOGuid><GPODomain><![CDATA[contoso.local]]></GPODomain><GPODomainGuid><![CDATA[{33d3afe3-0d19-41aa-bd4e-7c389b0239f9}]]></GPODomainGuid><GPODomainController><![CDATA[DC.contoso.local]]></GPODomainController><BackupTime><![CDATA[2025-11-20T09:15:11]]></BackupTime><ID><![CDATA[{30E85142-381C-4522-8397-16F95A4D9B6D}]]></ID><Comment><![CDATA[MDE Audit Policy - Domain Controllers]]></Comment><GPODisplayName><![CDATA[MDE Audit Policy - Domain Controllers]]></GPODisplayName></BackupInst>
