<?xml version="1.0" encoding="utf-8"?><!-- Copyright (c) Microsoft Corporation.  All rights reserved. --><GroupPolicyBackupScheme bkp:version="2.0" bkp:type="GroupPolicyBackupTemplate" xmlns:bkp="http://www.microsoft.com/GroupPolicy/GPOOperations" xmlns="http://www.microsoft.com/GroupPolicy/GPOOperations">
    <GroupPolicyObject><SecurityGroups><Group bkp:Source="FromDACL"><Sid><![CDATA[S-1-5-21-2616995548-3828012765-237186329-519]]></Sid><SamAccountName><![CDATA[Enterprise Admins]]></SamAccountName><Type><![CDATA[UniversalGroup]]></Type><NetBIOSDomainName><![CDATA[CONTOSO]]></NetBIOSDomainName><DnsDomainName><![CDATA[contoso.local]]></DnsDomainName><UPN><![CDATA[Enterprise Admins@contoso.local]]></UPN></Group><Group bkp:Source="FromDACL"><Sid><![CDATA[S-1-5-21-2616995548-3828012765-237186329-512]]></Sid><SamAccountName><![CDATA[Domain Admins]]></SamAccountName><Type><![CDATA[GlobalGroup]]></Type><NetBIOSDomainName><![CDATA[CONTOSO]]></NetBIOSDomainName><DnsDomainName><![CDATA[contoso.local]]></DnsDomainName><UPN><![CDATA[Domain Admins@contoso.local]]></UPN></Group></SecurityGroups><FilePaths/><GroupPolicyCoreSettings><ID><![CDATA[{3BADE4A7-7D5D-4B3E-B7B3-F70343C6D76B}]]></ID><Domain><![CDATA[contoso.local]]></Domain><SecurityDescriptor>01 00 04 9c 00 00 00 00 00 00 00 00 00 00 00 00 14 00 00 00 04 00 ec 00 08 00 00 00 05 02 28 00 00 01 00 00 01 00 00 00 8f fd ac ed b3 ff d1 11 b4 1d 00 a0 c9 68 f9 39 01 01 00 00 00 00 00 05 0b 00 00 00 00 00 24 00 ff 00 0f 00 01 05 00 00 00 00 00 05 15 00 00 00 dc 2e fc 9b dd d6 2a e4 19 2d 23 0e 00 02 00 00 00 02 24 00 ff 00 0f 00 01 05 00 00 00 00 00 05 15 00 00 00 dc 2e fc 9b dd d6 2a e4 19 2d 23 0e 00 02 00 00 00 02 24 00 ff 00 0f 00 01 05 00 00 00 00 00 05 15 00 00 00 dc 2e fc 9b dd d6 2a e4 19 2d 23 0e 07 02 00 00 00 02 14 00 94 00 02 00 01 01 00 00 00 00 00 05 09 00 00 00 00 02 14 00 94 00 02 00 01 01 00 00 00 00 00 05 0b 00 00 00 00 02 14 00 ff 00 0f 00 01 01 00 00 00 00 00 05 12 00 00 00 00 0a 14 00 ff 00 0f 00 01 01 00 00 00 00 00 03 00 00 00 00</SecurityDescriptor><DisplayName><![CDATA[MDE Audit Policy - Workstations]]></DisplayName><Options><![CDATA[0]]></Options><UserVersionNumber><![CDATA[0]]></UserVersionNumber><MachineVersionNumber><![CDATA[327685]]></MachineVersionNumber><MachineExtensionGuids><![CDATA[[{35378EAC-683F-11D2-A89A-00C04FBBCFA2}{D02B1F72-3407-48AE-BA88-E8213C6761F1}]]]></MachineExtensionGuids><UserExtensionGuids/><WMIFilter/></GroupPolicyCoreSettings> 
        <GroupPolicyExtension bkp:ID="{35378EAC-683F-11D2-A89A-00C04FBBCFA2}" bkp:DescName="Registry">
            <FSObjectFile bkp:Path="%GPO_MACH_FSPATH%\registry.pol" bkp:SourceExpandedPath="\\DC.contoso.local\sysvol\contoso.local\Policies\{3BADE4A7-7D5D-4B3E-B7B3-F70343C6D76B}\Machine\registry.pol" bkp:Location="DomainSysvol\GPO\Machine\registry.pol"/>
            
            <FSObjectFile bkp:Path="%GPO_FSPATH%\Adm\*.*" bkp:SourceExpandedPath="\\DC.contoso.local\sysvol\contoso.local\Policies\{3BADE4A7-7D5D-4B3E-B7B3-F70343C6D76B}\Adm\*.*"/>
        </GroupPolicyExtension>
        
        
        
        
        
        
        
        
        
    <GroupPolicyExtension bkp:ID="{F15C46CD-82A0-4C2D-A210-5D0D3182A418}" bkp:DescName="Unknown Extension"><FSObjectFile bkp:Path="%GPO_FSPATH%\GPO.cmt" bkp:SourceExpandedPath="\\DC.contoso.local\sysvol\contoso.local\Policies\{3BADE4A7-7D5D-4B3E-B7B3-F70343C6D76B}\GPO.cmt" bkp:Location="DomainSysvol\GPO\GPO.cmt"/><FSObjectDir bkp:Path="%GPO_MACH_FSPATH%\Microsoft" bkp:SourceExpandedPath="\\DC.contoso.local\sysvol\contoso.local\Policies\{3BADE4A7-7D5D-4B3E-B7B3-F70343C6D76B}\Machine\Microsoft" bkp:Location="DomainSysvol\GPO\Machine\Microsoft"/><FSObjectDir bkp:Path="%GPO_MACH_FSPATH%\Microsoft\Windows NT" bkp:SourceExpandedPath="\\DC.contoso.local\sysvol\contoso.local\Policies\{3BADE4A7-7D5D-4B3E-B7B3-F70343C6D76B}\Machine\Microsoft\Windows NT" bkp:Location="DomainSysvol\GPO\Machine\Microsoft\Windows NT"/><FSObjectDir bkp:Path="%GPO_MACH_FSPATH%\Microsoft\Windows NT\Audit" bkp:SourceExpandedPath="\\DC.contoso.local\sysvol\contoso.local\Policies\{3BADE4A7-7D5D-4B3E-B7B3-F70343C6D76B}\Machine\Microsoft\Windows NT\Audit" bkp:Location="DomainSysvol\GPO\Machine\Microsoft\Windows NT\Audit"/><FSObjectFile bkp:Path="%GPO_MACH_FSPATH%\Microsoft\Windows NT\Audit\audit.csv" bkp:SourceExpandedPath="\\DC.contoso.local\sysvol\contoso.local\Policies\{3BADE4A7-7D5D-4B3E-B7B3-F70343C6D76B}\Machine\Microsoft\Windows NT\Audit\audit.csv" bkp:Location="DomainSysvol\GPO\Machine\Microsoft\Windows NT\Audit\audit.csv"/><FSObjectDir bkp:Path="%GPO_MACH_FSPATH%\Scripts" bkp:SourceExpandedPath="\\DC.contoso.local\sysvol\contoso.local\Policies\{3BADE4A7-7D5D-4B3E-B7B3-F70343C6D76B}\Machine\Scripts" bkp:Location="DomainSysvol\GPO\Machine\Scripts"/><FSObjectFile bkp:Path="%GPO_MACH_FSPATH%\Scripts\psscripts.ini" bkp:SourceExpandedPath="\\DC.contoso.local\sysvol\contoso.local\Policies\{3BADE4A7-7D5D-4B3E-B7B3-F70343C6D76B}\Machine\Scripts\psscripts.ini" bkp:Location="DomainSysvol\GPO\Machine\Scripts\psscripts.ini"/><FSObjectFile bkp:Path="%GPO_MACH_FSPATH%\Scripts\scripts.ini" bkp:SourceExpandedPath="\\DC.contoso.local\sysvol\contoso.local\Policies\{3BADE4A7-7D5D-4B3E-B7B3-F70343C6D76B}\Machine\Scripts\scripts.ini" bkp:Location="DomainSysvol\GPO\Machine\Scripts\scripts.ini"/><FSObjectDir bkp:Path="%GPO_MACH_FSPATH%\Scripts\Startup" bkp:SourceExpandedPath="\\DC.contoso.local\sysvol\contoso.local\Policies\{3BADE4A7-7D5D-4B3E-B7B3-F70343C6D76B}\Machine\Scripts\Startup" bkp:Location="DomainSysvol\GPO\Machine\Scripts\Startup"/><FSObjectFile bkp:Path="%GPO_MACH_FSPATH%\Scripts\Startup\Clear-LegacyAuditPolicy.cmd" bkp:SourceExpandedPath="\\DC.contoso.local\sysvol\contoso.local\Policies\{3BADE4A7-7D5D-4B3E-B7B3-F70343C6D76B}\Machine\Scripts\Startup\Clear-LegacyAuditPolicy.cmd" bkp:Location="DomainSysvol\GPO\Machine\Scripts\Startup\Clear-LegacyAuditPolicy.cmd"/></GroupPolicyExtension></GroupPolicyObject>
</GroupPolicyBackupScheme>