<BackupInst xmlns="http://www.microsoft.com/GroupPolicy/GPOOperations/Manifest"><GPOGuid><![CDATA[{FDD40B15-0DB6-47FB-9940-AD6B07D427F0}]]></GPOGuid><GPODomain><![CDATA[contoso.local]]></GPODomain><GPODomainGuid><![CDATA[{33d3afe3-0d19-41aa-bd4e-7c389b0239f9}]]></GPODomainGuid><GPODomainController><![CDATA[DC.contoso.local]]></GPODomainController><BackupTime><![CDATA[2025-11-14T09:05:49]]></BackupTime><ID><![CDATA[{3D9A45C0-425A-4F75-BBFE-BF9C1218CA8D}]]></ID><Comment><![CDATA[]]></Comment><GPODisplayName><![CDATA[Exploit-Protections-Workstations]]></GPODisplayName></BackupInst>
